listing_id,source_key,source,source_type,market,country,make,model,year,km,mileage_mi,price,currency,price_usd,city,region,dealer_name,dealer_company,body_type,vin,vpic_body_class,vpic_gvwr,vpic_drive_type,vpic_engine,transmission,color,drive_type,usage_class,fifth_wheel_height_mm,spec_horsepower,spec_engine_type,spec_engine_manufacturer,spec_sleeper_type,spec_wheel_base,damaged,url,n_images,split,n_images_kept
018EA234,mascus,mascus.com,marketplace_dealer,US,United States,Peterbilt,389,2017,742626,,,USD,,Las Vegas,Nevada,,Ritchie Bros Las Vegas,tractor,,,,,,,,,,,,,,,,,https://www.mascus.com/transportation/tractor-units/peterbilt-389/3gbtdh6j.html,15,train,15
071779F1,mascus,mascus.com,marketplace_dealer,US,United States,Freightliner,Cascadia 126 6x4 T/A Sleeper Truck Tractor,2022,939398,,,USD,,Morris,Illinois,,Ritchie Bros Chicago,tractor,,,,,,,,,,,,,,,,,https://www.mascus.com/transportation/tractor-units/freightliner-cascadia-126-6x4-t-a-sleeper-truck-tractor/3m4maoig.html,15,train,14
08FF4D42,mascus,mascus.com,marketplace_dealer,US,United States,Kenworth,T680 6x4 T/A Day Cab Truck Tractor,2016,,,,USD,,Chehalis,Washington,,Ritchie Bros Chehalis,tractor,,,,,,,,,,,,,,,,,https://www.mascus.com/transportation/tractor-units/kenworth-t680-6x4-t-a-day-cab-truck-tractor/3niu7s7h.html,15,train,14
0BEB99DD,mascus,mascus.com,marketplace_dealer,US,United States,Mack,CHU613,2014,579303,,,USD,,Lake Worth,Texas,,Ritchie Bros Fort Worth,tractor,,,,,,,,,,,,,,,,,https://www.mascus.com/transportation/tractor-units/mack-chu613/3qhqcogs.html,15,train,15
0C0158EA,mascus,mascus.com,marketplace_dealer,US,United States,Kenworth,T680,2024,373204,,,USD,,Lake Worth,Texas,,Ritchie Bros Fort Worth,tractor,,,,,,,,,,,,,,,,,https://www.mascus.com/transportation/tractor-units/kenworth-t680/3r3g8nhp.html,15,train,15
0C8FEE65,mascus,mascus.com,marketplace_dealer,US,United States,Mack,CHU613,2017,733458,,,USD,,Lake Worth,Texas,,Ritchie Bros Fort Worth,tractor,,,,,,,,,,,,,,,,,https://www.mascus.com/transportation/tractor-units/mack-chu613/3rbuht9k.html,15,train,14
131C78E6,mascus,mascus.com,marketplace_dealer,US,United States,International,ProStar 6x4 T/A Sleeper Truck Tractor (Inoperable),2017,,,,USD,,Lake Worth,Texas,,Ritchie Bros Fort Worth,tractor,,,,,,,,,,,,,,,,,https://www.mascus.com/transportation/tractor-units/international-prostar-6x4-t-a-sleeper-truck-tractor-inoperable/4i4ranhl.html,15,test,15
1480EBCD,mascus,mascus.com,marketplace_dealer,US,United States,Freightliner,Cascadia 113,2016,894143,,,USD,,Lake Worth,Texas,,Ritchie Bros Fort Worth,tractor,,,,,,,,,,,,,,,,,https://www.mascus.com/transportation/tractor-units/freightliner-cascadia-113/4jbfhqfs.html,15,train,15
15ED844F,mascus,mascus.com,marketplace_dealer,US,United States,Kenworth,T800,2012,,,,USD,,Lake Worth,Texas,,Ritchie Bros Fort Worth,tractor,,,,,,,,,,,,,,,,,https://www.mascus.com/transportation/tractor-units/kenworth-t800/4khsbj7u.html,15,train,15
2357E5A8,mascus,mascus.com,marketplace_dealer,US,United States,International,LT625,2019,,,,USD,,Lake Worth,Texas,,Ritchie Bros Fort Worth,tractor,,,,,,,,,,,,,,,,,https://www.mascus.com/transportation/tractor-units/international-lt625/5i8mhkdn.html,15,train,14
2F3FF79E,mascus,mascus.com,marketplace_dealer,US,United States,International,LT625,2021,1171490,,,USD,,Lake Worth,Texas,,Ritchie Bros Fort Worth,tractor,,,,,,,,,,,,,,,,,https://www.mascus.com/transportation/tractor-units/international-lt625/5u6uimct.html,15,train,15
31FE7F7A,mascus,mascus.com,marketplace_dealer,US,United States,International,LT625,2020,1388171,,,USD,,Lake Worth,Texas,,Ritchie Bros Fort Worth,tractor,,,,,,,,,,,,,,,,,https://www.mascus.com/transportation/tractor-units/international-lt625/6gitauap.html,15,val,14
3879BD00,mascus,mascus.com,marketplace_dealer,US,United States,Peterbilt,567,2020,503279,,,USD,,North East,Maryland,,Ritchie Bros North East,tractor,,,,,,,,,,,,,,,,,https://www.mascus.com/transportation/tractor-units/peterbilt-567/6naoes3f.html,15,train,14
3997D683,mascus,mascus.com,marketplace_dealer,US,United States,Volvo,VNM,2014,,,,USD,,Lake Worth,Texas,,Ritchie Bros Fort Worth,tractor,,,,,,,,,,,,,,,,,https://www.mascus.com/transportation/tractor-units/volvo-vnm/6ocmglbi.html,15,train,15
3E0BF0C4,mascus,mascus.com,marketplace_dealer,US,United States,Mack,CH612,2000,870238,,,USD,,Lake Worth,Texas,,Ritchie Bros Fort Worth,tractor,,,,,,,,,,,,,,,,,https://www.mascus.com/transportation/tractor-units/mack-ch612/6t3qiffj.html,15,train,15
40ABAC54,mascus,mascus.com,marketplace_dealer,US,United States,Kenworth,T680,2021,1229568,,,USD,,Perris,California,,Ritchie Bros Los Angeles,tractor,,,,,,,,,,,,,,,,,https://www.mascus.com/transportation/tractor-units/kenworth-t680/7fdqdr8j.html,15,train,14
46C0233F,mascus,mascus.com,marketplace_dealer,US,United States,,Frieghtliner Cascadia 125 T/A Day Cab Truck Tracto,2015,626998,,,USD,,Lake Worth,Texas,,Ritchie Bros Fort Worth,tractor,,,,,,,,,,,,,,,,,https://www.mascus.com/transportation/tractor-units/frieghtliner-cascadia-125-t-a-day-cab-truck-tracto/7lff5i6u.html,15,val,15
47E9595F,mascus,mascus.com,marketplace_dealer,US,United States,Kenworth,T800,2012,103632,,,USD,,Lake Worth,Texas,,Ritchie Bros Fort Worth,tractor,,,,,,,,,,,,,,,,,https://www.mascus.com/transportation/tractor-units/kenworth-t800/7mho8o8u.html,15,train,15
4E0C9E45,mascus,mascus.com,marketplace_dealer,US,United States,Kenworth,T660,2013,890493,,,USD,,Lake Worth,Texas,,Ritchie Bros Fort Worth,tractor,,,,,,,,,,,,,,,,,https://www.mascus.com/transportation/tractor-units/kenworth-t660/7t3rct7k.html,15,train,14
547BDE87,mascus,mascus.com,marketplace_dealer,US,United States,Kenworth,T800,2000,15805,,,USD,,Morris,Illinois,,Ritchie Bros Chicago,tractor,,,,,,,,,,,,,,,,,https://www.mascus.com/transportation/tractor-units/kenworth-t800/8jaqgtbm.html,15,train,15
5A28E323,mascus,mascus.com,marketplace_dealer,US,United States,Mack,CH613,1999,853332,,,USD,,Morris,Illinois,,Ritchie Bros Chicago,tractor,,,,,,,,,,,,,,,,,https://www.mascus.com/transportation/tractor-units/mack-ch613/8p5nhi5i.html,15,train,15
5DAE847A,mascus,mascus.com,marketplace_dealer,US,United States,International,LT625,2019,1227642,,,USD,,Lake Worth,Texas,,Ritchie Bros Fort Worth,tractor,,,,,,,,,,,,,,,,,https://www.mascus.com/transportation/tractor-units/international-lt625/8sdtbjap.html,15,train,14
63DCA878,mascus,mascus.com,marketplace_dealer,US,United States,Kenworth,T370,2014,417886,,,USD,,Phoenix,Arizona,,Ritchie Bros Phoenix,tractor,,,,,,,,,,,,,,,,,https://www.mascus.com/transportation/tractor-units/kenworth-t370/9igrdnan.html,15,train,15
661CA7B7,mascus,mascus.com,marketplace_dealer,US,United States,Freightliner,Cascadia 125 6x4 T/A Sleeper Truck Tractor,2017,1085800,,,USD,,Lake Worth,Texas,,Ritchie Bros Fort Worth,tractor,,,,,,,,,,,,,,,,,https://www.mascus.com/transportation/tractor-units/freightliner-cascadia-125-6x4-t-a-sleeper-truck-tractor/9l4rdmem.html,15,test,14
6A511BEF,mascus,mascus.com,marketplace_dealer,US,United States,Kenworth,W900,2013,1586055,,,USD,,Lake Worth,Texas,,Ritchie Bros Fort Worth,tractor,,,,,,,,,,,,,,,,,https://www.mascus.com/transportation/tractor-units/kenworth-w900/9p8g4qhu.html,15,train,15
7A8FA1AD,mascus,mascus.com,marketplace_dealer,US,United States,Peterbilt,379 6x4 T/A Day Cab Truck Tractor,2003,488807,,,USD,,Lake Worth,Texas,,Ritchie Bros Fort Worth,tractor,,,,,,,,,,,,,,,,,https://www.mascus.com/transportation/tractor-units/peterbilt-379-6x4-t-a-day-cab-truck-tractor/apbudgds.html,15,val,15
80643905,mascus,mascus.com,marketplace_dealer,US,United States,Mack,6x4 T/A Day Cab Truck Tractor,2015,442000,,,USD,,Lake Worth,Texas,,Ritchie Bros Fort Worth,tractor,,,,,,,,,,,,,,,,,https://www.mascus.com/transportation/tractor-units/mack-6x4-t-a-day-cab-truck-tractor/bf9j6o3k.html,15,train,15
83AEA622,mascus,mascus.com,marketplace_dealer,US,United States,Sterling,LT9500,2001,579886,,,USD,,Lake Worth,Texas,,Ritchie Bros Fort Worth,tractor,,,,,,,,,,,,,,,,,https://www.mascus.com/transportation/tractor-units/sterling-lt9500/bidtdl5h.html,15,val,15
85584B75,mascus,mascus.com,marketplace_dealer,US,United States,Kenworth,T600,2009,2070375,,,USD,,Morris,Illinois,,Ritchie Bros Chicago,tractor,,,,,,,,,,,,,,,,,https://www.mascus.com/transportation/tractor-units/kenworth-t600/bk8n7qak.html,15,train,15
8E597523,mascus,mascus.com,marketplace_dealer,US,United States,Kenworth,T800,2012,534029,,,USD,,Perris,California,,Ritchie Bros Los Angeles,tractor,,,,,,,,,,,,,,,,,https://www.mascus.com/transportation/tractor-units/kenworth-t800/bt8oak5i.html,15,train,15
9712F461,mascus,mascus.com,marketplace_dealer,US,United States,Peterbilt,384,2011,1080845,,,USD,,Lake Worth,Texas,,Ritchie Bros Fort Worth,tractor,,,,,,,,,,,,,,,,,https://www.mascus.com/transportation/tractor-units/peterbilt-384/cm4hij9g.html,15,val,15
99DC9056,mascus,mascus.com,marketplace_dealer,US,United States,Kenworth,W900,2012,1020564,,,USD,,Lake Worth,Texas,,Ritchie Bros Fort Worth,tractor,,,,,,,,,,,,,,,,,https://www.mascus.com/transportation/tractor-units/kenworth-w900/cogrcf8l.html,15,val,15
9D596653,mascus,mascus.com,marketplace_dealer,US,United States,Kenworth,T660,2013,,,,USD,,Chehalis,Washington,,Ritchie Bros Chehalis,tractor,,,,,,,,,,,,,,,,,https://www.mascus.com/transportation/tractor-units/kenworth-t660/cs8o9l8i.html,15,train,15
9EF19618,mascus,mascus.com,marketplace_dealer,US,United States,Kenworth,W900,2013,1520672,,,USD,,Lake Worth,Texas,,Ritchie Bros Fort Worth,tractor,,,,,,,,,,,,,,,,,https://www.mascus.com/transportation/tractor-units/kenworth-w900/ctigcl4n.html,15,train,15
B7CF87B5,mascus,mascus.com,marketplace_dealer,US,United States,Kenworth,T800,2009,,,,USD,,Morris,Illinois,,Ritchie Bros Chicago,tractor,,,,,,,,,,,,,,,,,https://www.mascus.com/transportation/tractor-units/kenworth-t800/emfubmek.html,15,train,15
BA8B82D2,mascus,mascus.com,marketplace_dealer,US,United States,Mack,CHU613,2016,868009,,,USD,,Lake Worth,Texas,,Ritchie Bros Fort Worth,tractor,,,,,,,,,,,,,,,,,https://www.mascus.com/transportation/tractor-units/mack-chu613/epbqbhgh.html,15,val,15
BE752C1D,mascus,mascus.com,marketplace_dealer,US,United States,Kenworth,T680,2024,478806,,,USD,,Lake Worth,Texas,,Ritchie Bros Fort Worth,tractor,,,,,,,,,,,,,,,,,https://www.mascus.com/transportation/tractor-units/kenworth-t680/etak5r4s.html,15,train,15
C6EA973F,mascus,mascus.com,marketplace_dealer,US,United States,Freightliner,Cascadia 113,2015,1645335,,,USD,,Morris,Illinois,,Ritchie Bros Chicago,tractor,,,,,,,,,,,,,,,,,https://www.mascus.com/transportation/tractor-units/freightliner-cascadia-113/flhpcm6u.html,15,train,15
CF0B2D86,mascus,mascus.com,marketplace_dealer,US,United States,Peterbilt,337,2011,292093,,,USD,,Lake Worth,Texas,,Ritchie Bros Fort Worth,tractor,,,,,,,,,,,,,,,,,https://www.mascus.com/transportation/tractor-units/peterbilt-337/fu3q5sbl.html,15,train,15
DC65984E,mascus,mascus.com,marketplace_dealer,US,United States,Kenworth,W900,2005,1271958,,,USD,,Lake Worth,Texas,,Ritchie Bros Fort Worth,tractor,,,,,,,,,,,,,,,,,https://www.mascus.com/transportation/tractor-units/kenworth-w900/gr9kcn7t.html,15,train,15
DD8C9AB9,mascus,mascus.com,marketplace_dealer,US,United States,Kenworth,T800,2012,66615,,,USD,,Lake Worth,Texas,,Ritchie Bros Fort Worth,tractor,,,,,,,,,,,,,,,,,https://www.mascus.com/transportation/tractor-units/kenworth-t800/gsbrcpeo.html,15,test,15
E3897594,mascus,mascus.com,marketplace_dealer,US,United States,Freightliner,Columbia 120 6x4 T/A Sleeper Truck Tractor,2007,811098,,,USD,,Lake Worth,Texas,,Ritchie Bros Fort Worth,tractor,,,,,,,,,,,,,,,,,https://www.mascus.com/transportation/tractor-units/freightliner-columbia-120-6x4-t-a-sleeper-truck-tractor/hiboakcj.html,15,train,15
E607720A,mascus,mascus.com,marketplace_dealer,US,United States,Freightliner,Columbia 112,2007,471818,,,USD,,Lake Worth,Texas,,Ritchie Bros Fort Worth,tractor,,,,,,,,,,,,,,,,,https://www.mascus.com/transportation/tractor-units/freightliner-columbia-112/hl3mah3p.html,15,train,15
EA2DCF86,mascus,mascus.com,marketplace_dealer,US,United States,Kenworth,T680,2019,1052852,,,USD,,Lake Worth,Texas,,Ritchie Bros Fort Worth,tractor,,,,,,,,,,,,,,,,,https://www.mascus.com/transportation/tractor-units/kenworth-t680/hp5sfubl.html,15,val,15
F47BD5AD,mascus,mascus.com,marketplace_dealer,US,United States,Kenworth,W900,2013,1584238,,,USD,,Lake Worth,Texas,,Ritchie Bros Fort Worth,tractor,,,,,,,,,,,,,,,,,https://www.mascus.com/transportation/tractor-units/kenworth-w900/ijaqgkds.html,15,test,15
12967,tr_truckmarket,truckmarket.com.tr,oem_dealer,TR,Turkey,FORD,TRUCKS,2015,575000,,1400000,TRY,28808.96,Hatay,,,,Çekici,,,,,,Otomatik,BEYAZ,4x2,Yurt İçi Lojistik,1100,,,,,,,https://www.truckmarket.com.tr/arac-detay/12967,20,train,19
13573,tr_truckmarket,truckmarket.com.tr,oem_dealer,TR,Turkey,FORD,TRUCKS,2015,499150,,1400000,TRY,28808.96,Hatay,,,,Çekici,,,,,,Otomatik,BEYAZ,4x2,Yurt İçi Lojistik,1100,,,,,,,https://www.truckmarket.com.tr/arac-detay/13573,20,train,19
13599,tr_truckmarket,truckmarket.com.tr,oem_dealer,TR,Turkey,FORD,F-MAX,2020,436531,,2200000,TRY,45271.22,Hatay,,,,Çekici,,,,,,Otomatik,BEYAZ,4x2,Yurt İçi Lojistik,1100,,,,,,,https://www.truckmarket.com.tr/arac-detay/13599,20,train,19
13824,tr_truckmarket,truckmarket.com.tr,oem_dealer,TR,Turkey,FORD,F-MAX,2021,344045,,2500000,TRY,51444.56,İstanbul,,,,Çekici,,,,,,Otomatik,BEYAZ,4x2,Yurt İçi Lojistik,1200,,,,,,,https://www.truckmarket.com.tr/arac-detay/13824,22,test,21
13825,tr_truckmarket,truckmarket.com.tr,oem_dealer,TR,Turkey,FORD,F-MAX,2021,346802,,2500000,TRY,51444.56,İstanbul,,,,Çekici,,,,,,Otomatik,BEYAZ,4x2,Yurt İçi Lojistik,1200,,,,,,,https://www.truckmarket.com.tr/arac-detay/13825,22,train,21
13826,tr_truckmarket,truckmarket.com.tr,oem_dealer,TR,Turkey,FORD,F-MAX,2020,353020,,2200000,TRY,45271.22,İstanbul,,,,Çekici,,,,,,Otomatik,MAVİ (BLAZER),4x2,Yurt İçi Lojistik,1200,,,,,,,https://www.truckmarket.com.tr/arac-detay/13826,20,val,19
13828,tr_truckmarket,truckmarket.com.tr,oem_dealer,TR,Turkey,FORD,F-MAX,2020,510407,,2100000,TRY,43213.43,İstanbul,,,,Çekici,,,,,,Otomatik,CARGO RAL5012 MAVI,4x2,Yurt İçi Lojistik,1200,,,,,,,https://www.truckmarket.com.tr/arac-detay/13828,22,train,21
13829,tr_truckmarket,truckmarket.com.tr,oem_dealer,TR,Turkey,FORD,F-MAX,2020,516742,,2100000,TRY,43213.43,İstanbul,,,,Çekici,,,,,,Otomatik,CARGO RAL5015 TURKER MAVI,4x2,Yurt İçi Lojistik,1200,,,,,,,https://www.truckmarket.com.tr/arac-detay/13829,22,test,21
13856,tr_truckmarket,truckmarket.com.tr,oem_dealer,TR,Turkey,FORD,F-MAX,2020,545238,,2100000,TRY,43213.43,İstanbul,,,,Çekici,,,,,,Otomatik,AYTOZU GRİ,4x2,Yurt İçi Lojistik,1200,,,,,,,https://www.truckmarket.com.tr/arac-detay/13856,22,train,21
13858,tr_truckmarket,truckmarket.com.tr,oem_dealer,TR,Turkey,FORD,F-MAX,2020,534368,,2100000,TRY,43213.43,İstanbul,,,,Çekici,,,,,,Otomatik,YILDIRIM MAVİSİ,4x2,Yurt İçi Lojistik,1200,,,,,,,https://www.truckmarket.com.tr/arac-detay/13858,22,val,21
13860,tr_truckmarket,truckmarket.com.tr,oem_dealer,TR,Turkey,FORD,F-MAX,2020,427574,,2150000,TRY,44242.32,İstanbul,,,,Çekici,,,,,,Otomatik,METAL MAVİ,4x2,Yurt İçi Lojistik,1200,,,,,,,https://www.truckmarket.com.tr/arac-detay/13860,22,test,21
13862,tr_truckmarket,truckmarket.com.tr,oem_dealer,TR,Turkey,FORD,F-MAX,2020,358272,,2200000,TRY,45271.22,İstanbul,,,,Çekici,,,,,,Otomatik,METAL MAVİ,4x2,Yurt İçi Lojistik,1200,,,,,,,https://www.truckmarket.com.tr/arac-detay/13862,22,test,21
13863,tr_truckmarket,truckmarket.com.tr,oem_dealer,TR,Turkey,FORD,F-MAX,2020,332113,,2200000,TRY,45271.22,İstanbul,,,,Çekici,,,,,,Otomatik,METAL MAVİ,4x2,Yurt İçi Lojistik,1200,,,,,,,https://www.truckmarket.com.tr/arac-detay/13863,22,test,21
13864,tr_truckmarket,truckmarket.com.tr,oem_dealer,TR,Turkey,FORD,F-MAX,2020,319336,,2200000,TRY,45271.22,İstanbul,,,,Çekici,,,,,,Otomatik,METAL MAVİ,4x2,Yurt İçi Lojistik,1200,,,,,,,https://www.truckmarket.com.tr/arac-detay/13864,22,val,21
13865,tr_truckmarket,truckmarket.com.tr,oem_dealer,TR,Turkey,FORD,F-MAX,2020,328101,,2200000,TRY,45271.22,İstanbul,,,,Çekici,,,,,,Otomatik,METAL MAVİ,4x2,Yurt İçi Lojistik,1200,,,,,,,https://www.truckmarket.com.tr/arac-detay/13865,22,train,21
13866,tr_truckmarket,truckmarket.com.tr,oem_dealer,TR,Turkey,FORD,F-MAX,2021,345970,,2500000,TRY,51444.56,İstanbul,,,,Çekici,,,,,,Otomatik,BEYAZ,4x2,Yurt İçi Lojistik,1200,,,,,,,https://www.truckmarket.com.tr/arac-detay/13866,22,train,21
13897,tr_truckmarket,truckmarket.com.tr,oem_dealer,TR,Turkey,FORD,F-MAX,2020,272135,,2200000,TRY,45271.22,İstanbul,,,,Çekici,,,,,,Otomatik,BEYAZ,4x2,İnşaat,1200,,,,,,,https://www.truckmarket.com.tr/arac-detay/13897,20,test,19
13904,tr_truckmarket,truckmarket.com.tr,oem_dealer,TR,Turkey,FORD,F-MAX,2020,273494,,2200000,TRY,45271.22,İstanbul,,,,Çekici,,,,,,Otomatik,BEYAZ,,İnşaat,1200,,,,,,,https://www.truckmarket.com.tr/arac-detay/13904,20,train,19
13940,tr_truckmarket,truckmarket.com.tr,oem_dealer,TR,Turkey,FORD,F-MAX,2020,415371,,2820000,TRY,58029.47,Hatay,,,,Çekici,,,,,,Otomatik,BEYAZ,4x2,Yurt İçi Lojistik,1100,,,,,,,https://www.truckmarket.com.tr/arac-detay/13940,20,train,19
13971,tr_truckmarket,truckmarket.com.tr,oem_dealer,TR,Turkey,FORD,TRUCKS,2013,546395,,1150000,TRY,23664.5,Hatay,,,,Çekici,,,,,,Manuel (Aktarmalı),BEYAZ,4x2,Yurt İçi Lojistik,1200,,,,,,,https://www.truckmarket.com.tr/arac-detay/13971,20,train,19
13984,tr_truckmarket,truckmarket.com.tr,oem_dealer,TR,Turkey,FORD,F-MAX,2021,316669,,2500000,TRY,51444.56,İstanbul,,,,Çekici,,,,,,Otomatik,BEYAZ,,Yurt İçi Lojistik,1200,,,,,,,https://www.truckmarket.com.tr/arac-detay/13984,22,train,21
14077,tr_truckmarket,truckmarket.com.tr,oem_dealer,TR,Turkey,FORD,TRUCKS,2017,596444,,1500000,TRY,30866.74,İstanbul,,,,Çekici,,,,,,Otomatik,CARGO RAL3003 KIRMIZI,,Yurt Dışı Lojistik,980,,,,,,,https://www.truckmarket.com.tr/arac-detay/14077,22,test,21
14087,tr_truckmarket,truckmarket.com.tr,oem_dealer,TR,Turkey,FORD,F-MAX,2022,211809,,2800000,TRY,57617.91,İstanbul,,,,Çekici,,,,,,Otomatik,BEYAZ,,Yurt İçi Lojistik,1100,,,,,,,https://www.truckmarket.com.tr/arac-detay/14087,20,train,20
14089,tr_truckmarket,truckmarket.com.tr,oem_dealer,TR,Turkey,FORD,F-MAX,2022,184392,,2800000,TRY,57617.91,İstanbul,,,,Çekici,,,,,,Otomatik,BEYAZ,,Yurt İçi Lojistik,1100,,,,,,,https://www.truckmarket.com.tr/arac-detay/14089,20,train,19
14090,tr_truckmarket,truckmarket.com.tr,oem_dealer,TR,Turkey,FORD,F-MAX,2022,212846,,2800000,TRY,57617.91,İstanbul,,,,Çekici,,,,,,Otomatik,BEYAZ,,Yurt İçi Lojistik,1100,,,,,,,https://www.truckmarket.com.tr/arac-detay/14090,20,val,19
14091,tr_truckmarket,truckmarket.com.tr,oem_dealer,TR,Turkey,FORD,F-MAX,2022,214769,,2800000,TRY,57617.91,İstanbul,,,,Çekici,,,,,,Otomatik,BEYAZ,,Yurt İçi Lojistik,1100,,,,,,,https://www.truckmarket.com.tr/arac-detay/14091,20,train,19
14094,tr_truckmarket,truckmarket.com.tr,oem_dealer,TR,Turkey,FORD,F-MAX,2022,254791,,2800000,TRY,57617.91,İstanbul,,,,Çekici,,,,,,Otomatik,BEYAZ,,Yurt İçi Lojistik,1100,,,,,,,https://www.truckmarket.com.tr/arac-detay/14094,20,val,19
14095,tr_truckmarket,truckmarket.com.tr,oem_dealer,TR,Turkey,FORD,F-MAX,2022,158933,,2800000,TRY,57617.91,İstanbul,,,,Çekici,,,,,,Otomatik,BEYAZ,,Yurt İçi Lojistik,1100,,,,,,,https://www.truckmarket.com.tr/arac-detay/14095,20,train,19
14101,tr_truckmarket,truckmarket.com.tr,oem_dealer,TR,Turkey,FORD,F-MAX,2022,196036,,2800000,TRY,57617.91,İstanbul,,,,Çekici,,,,,,Otomatik,BEYAZ,,Yurt İçi Lojistik,1100,,,,,,,https://www.truckmarket.com.tr/arac-detay/14101,20,train,19
14102,tr_truckmarket,truckmarket.com.tr,oem_dealer,TR,Turkey,FORD,F-MAX,2022,277571,,2800000,TRY,57617.91,İstanbul,,,,Çekici,,,,,,Otomatik,BEYAZ,,Yurt İçi Lojistik,1100,,,,,,,https://www.truckmarket.com.tr/arac-detay/14102,20,val,19
14104,tr_truckmarket,truckmarket.com.tr,oem_dealer,TR,Turkey,FORD,F-MAX,2022,285126,,2800000,TRY,57617.91,İstanbul,,,,Çekici,,,,,,Otomatik,BEYAZ,,Yurt İçi Lojistik,1100,,,,,,,https://www.truckmarket.com.tr/arac-detay/14104,20,val,19
14106,tr_truckmarket,truckmarket.com.tr,oem_dealer,TR,Turkey,FORD,F-MAX,2022,181997,,2800000,TRY,57617.91,İstanbul,,,,Çekici,,,,,,Otomatik,BEYAZ,,Yurt İçi Lojistik,1100,,,,,,,https://www.truckmarket.com.tr/arac-detay/14106,20,val,19
14107,tr_truckmarket,truckmarket.com.tr,oem_dealer,TR,Turkey,FORD,F-MAX,2022,261337,,2800000,TRY,57617.91,İstanbul,,,,Çekici,,,,,,Otomatik,BEYAZ,,Yurt İçi Lojistik,1100,,,,,,,https://www.truckmarket.com.tr/arac-detay/14107,20,train,19
14109,tr_truckmarket,truckmarket.com.tr,oem_dealer,TR,Turkey,FORD,F-MAX,2022,255549,,2800000,TRY,57617.91,İstanbul,,,,Çekici,,,,,,Otomatik,BEYAZ,,Yurt İçi Lojistik,1100,,,,,,,https://www.truckmarket.com.tr/arac-detay/14109,20,train,19
14111,tr_truckmarket,truckmarket.com.tr,oem_dealer,TR,Turkey,FORD,F-MAX,2022,269081,,2800000,TRY,57617.91,İstanbul,,,,Çekici,,,,,,Otomatik,BEYAZ,,Yurt İçi Lojistik,1100,,,,,,,https://www.truckmarket.com.tr/arac-detay/14111,20,train,19
14190,tr_truckmarket,truckmarket.com.tr,oem_dealer,TR,Turkey,MAN,TGS,2016,870022,,1775000,TRY,36525.64,İstanbul,,,,Çekici,,,,,,Otomatik,BEYAZ,,Yurt İçi Lojistik,1200,,,,,,,https://www.truckmarket.com.tr/arac-detay/14190,24,train,21
14192,tr_truckmarket,truckmarket.com.tr,oem_dealer,TR,Turkey,MAN,TGS,2016,952768,,1775000,TRY,36525.64,İstanbul,,,,Çekici,,,,,,Otomatik,BEYAZ,,Yurt İçi Lojistik,1200,,,,,,,https://www.truckmarket.com.tr/arac-detay/14192,24,train,19
14193,tr_truckmarket,truckmarket.com.tr,oem_dealer,TR,Turkey,MAN,TGS,2016,980423,,1450000,TRY,29837.85,İstanbul,,,,Çekici,,,,,,Otomatik,BEYAZ,,Yurt İçi Lojistik,1200,,,,,,,https://www.truckmarket.com.tr/arac-detay/14193,24,train,19
14194,tr_truckmarket,truckmarket.com.tr,oem_dealer,TR,Turkey,MAN,TGS,2016,947156,,1775000,TRY,36525.64,İstanbul,,,,Çekici,,,,,,Otomatik,BEYAZ,,Yurt İçi Lojistik,1200,,,,,,,https://www.truckmarket.com.tr/arac-detay/14194,24,test,20
14196,tr_truckmarket,truckmarket.com.tr,oem_dealer,TR,Turkey,MAN,TGS,2016,883670,,1775000,TRY,36525.64,İstanbul,,,,Çekici,,,,,,Otomatik,BEYAZ,,Yurt İçi Lojistik,1200,,,,,,,https://www.truckmarket.com.tr/arac-detay/14196,24,train,20
14205,tr_truckmarket,truckmarket.com.tr,oem_dealer,TR,Turkey,FORD,F-MAX,2022,211993,,2800000,TRY,57617.91,İstanbul,,,,Çekici,,,,,,Otomatik,BEYAZ,,Yurt İçi Lojistik,1100,,,,,,,https://www.truckmarket.com.tr/arac-detay/14205,20,test,19
14210,tr_truckmarket,truckmarket.com.tr,oem_dealer,TR,Turkey,FORD,F-MAX,2021,309361,,2400000,TRY,49386.78,İstanbul,,,,Çekici,,,,,,Otomatik,BEYAZ,4x2,Yurt İçi Lojistik,1100,,,,,,,https://www.truckmarket.com.tr/arac-detay/14210,22,train,20
14213,tr_truckmarket,truckmarket.com.tr,oem_dealer,TR,Turkey,FORD,F-MAX,2021,348177,,2550000,TRY,52473.45,İstanbul,,,,Çekici,,,,,,Otomatik,AYTOZU GRİ,4x2,Yurt İçi Lojistik,1100,,,,,,,https://www.truckmarket.com.tr/arac-detay/14213,22,train,21
14241,tr_truckmarket,truckmarket.com.tr,oem_dealer,TR,Turkey,FORD,TRUCKS,2018,541067,,1550000,TRY,31895.63,İstanbul,,,,Çekici,,,,,,Otomatik,BEYAZ,,Yurt Dışı Lojistik,980,,,,,,,https://www.truckmarket.com.tr/arac-detay/14241,20,val,19
14243,tr_truckmarket,truckmarket.com.tr,oem_dealer,TR,Turkey,FORD,TRUCKS,2018,572713,,1550000,TRY,31895.63,İstanbul,,,,Çekici,,,,,,Otomatik,BEYAZ,,Yurt Dışı Lojistik,980,,,,,,,https://www.truckmarket.com.tr/arac-detay/14243,20,val,19
14244,tr_truckmarket,truckmarket.com.tr,oem_dealer,TR,Turkey,FORD,TRUCKS,2018,549055,,1550000,TRY,31895.63,İstanbul,,,,Çekici,,,,,,Otomatik,BEYAZ,,Yurt Dışı Lojistik,980,,,,,,,https://www.truckmarket.com.tr/arac-detay/14244,20,val,19
14246,tr_truckmarket,truckmarket.com.tr,oem_dealer,TR,Turkey,FORD,TRUCKS,2018,495441,,1550000,TRY,31895.63,İstanbul,,,,Çekici,,,,,,Otomatik,BEYAZ,,Yurt Dışı Lojistik,980,,,,,,,https://www.truckmarket.com.tr/arac-detay/14246,20,train,19
14299,tr_truckmarket,truckmarket.com.tr,oem_dealer,TR,Turkey,FORD,TRUCKS,2018,566194,,1550000,TRY,31895.63,İstanbul,,,,Çekici,,,,,,Otomatik,BEYAZ,,Yurt Dışı Lojistik,980,,,,,,,https://www.truckmarket.com.tr/arac-detay/14299,20,train,19
14310,tr_truckmarket,truckmarket.com.tr,oem_dealer,TR,Turkey,FORD,TRUCKS,2018,494903,,1550000,TRY,31895.63,İstanbul,,,,Çekici,,,,,,Otomatik,BEYAZ,,Yurt Dışı Lojistik,980,,,,,,,https://www.truckmarket.com.tr/arac-detay/14310,20,val,19
14396,tr_truckmarket,truckmarket.com.tr,oem_dealer,TR,Turkey,FORD,F-MAX,2022,185000,,2800000,TRY,57617.91,İstanbul,,,,Çekici,,,,,,Otomatik,BEYAZ,,Yurt Dışı Lojistik,1100,,,,,,,https://www.truckmarket.com.tr/arac-detay/14396,20,train,19
14401,tr_truckmarket,truckmarket.com.tr,oem_dealer,TR,Turkey,FORD,F-MAX,2021,365452,,2350000,TRY,48357.89,İstanbul,,,,Çekici,,,,,,Otomatik,BEYAZ,4x2,Yurt İçi Lojistik,1100,,,,,,,https://www.truckmarket.com.tr/arac-detay/14401,22,train,20
14409,tr_truckmarket,truckmarket.com.tr,oem_dealer,TR,Turkey,FORD,F-MAX,2021,474000,,2400000,TRY,49386.78,İstanbul,,,,Çekici,,,,,,Otomatik,YILDIRIM MAVİSİ,,Yurt İçi Lojistik,940,,,,,,,https://www.truckmarket.com.tr/arac-detay/14409,20,train,19
14410,tr_truckmarket,truckmarket.com.tr,oem_dealer,TR,Turkey,FORD,F-MAX,2021,476913,,2400000,TRY,49386.78,İstanbul,,,,Çekici,,,,,,Otomatik,BEYAZ,,Yurt İçi Lojistik,1100,,,,,,,https://www.truckmarket.com.tr/arac-detay/14410,22,train,21
14411,tr_truckmarket,truckmarket.com.tr,oem_dealer,TR,Turkey,FORD,F-MAX,2021,486243,,2400000,TRY,49386.78,İstanbul,,,,Çekici,,,,,,Otomatik,BEYAZ,,Yurt İçi Lojistik,1100,,,,,,,https://www.truckmarket.com.tr/arac-detay/14411,20,train,19
14430,tr_truckmarket,truckmarket.com.tr,oem_dealer,TR,Turkey,FORD,TRUCKS,2018,612273,,1550000,TRY,31895.63,İstanbul,,,,Çekici,,,,,,Otomatik,BEYAZ,,Yurt Dışı Lojistik,980,,,,,,,https://www.truckmarket.com.tr/arac-detay/14430,20,train,19
14579,tr_truckmarket,truckmarket.com.tr,oem_dealer,TR,Turkey,FORD,F-MAX,2022,188748,,2800000,TRY,57617.91,İstanbul,,,,Çekici,,,,,,Otomatik,BEYAZ,,Yurt İçi Lojistik,1200,,,,,,,https://www.truckmarket.com.tr/arac-detay/14579,22,train,21
14582,tr_truckmarket,truckmarket.com.tr,oem_dealer,TR,Turkey,FORD,F-MAX,2022,184113,,2750000,TRY,56589.02,İstanbul,,,,Çekici,,,,,,Otomatik,KIRMIZI,,Yurt Dışı Lojistik,1100,,,,,,,https://www.truckmarket.com.tr/arac-detay/14582,20,train,19
14594,tr_truckmarket,truckmarket.com.tr,oem_dealer,TR,Turkey,FORD,F-MAX,2022,195595,,2800000,TRY,57617.91,İstanbul,,,,Çekici,,,,,,Otomatik,BEYAZ,,Yurt İçi Lojistik,1200,,,,,,,https://www.truckmarket.com.tr/arac-detay/14594,20,val,19
14597,tr_truckmarket,truckmarket.com.tr,oem_dealer,TR,Turkey,FORD,F-MAX,2022,193851,,2800000,TRY,57617.91,İstanbul,,,,Çekici,,,,,,Otomatik,BEYAZ,,Yurt İçi Lojistik,1200,,,,,,,https://www.truckmarket.com.tr/arac-detay/14597,22,val,21
14598,tr_truckmarket,truckmarket.com.tr,oem_dealer,TR,Turkey,FORD,F-MAX,2022,159538,,2800000,TRY,57617.91,İstanbul,,,,Çekici,,,,,,Otomatik,BEYAZ,,Yurt İçi Lojistik,1200,,,,,,,https://www.truckmarket.com.tr/arac-detay/14598,22,val,21
14599,tr_truckmarket,truckmarket.com.tr,oem_dealer,TR,Turkey,FORD,F-MAX,2022,184880,,2800000,TRY,57617.91,İstanbul,,,,Çekici,,,,,,Otomatik,BEYAZ,,Yurt İçi Lojistik,1200,,,,,,,https://www.truckmarket.com.tr/arac-detay/14599,20,test,19
14697,tr_truckmarket,truckmarket.com.tr,oem_dealer,TR,Turkey,FORD,F-MAX,2022,41173,,2950000,TRY,60704.58,İstanbul,,,,Çekici,,,,,,Otomatik,BEYAZ,,Yurt İçi Lojistik,1100,,,,,,,https://www.truckmarket.com.tr/arac-detay/14697,20,train,19
14716,tr_truckmarket,truckmarket.com.tr,oem_dealer,TR,Turkey,FORD,F-MAX,2021,253281,,2500000,TRY,51444.56,İstanbul,,,,Çekici,,,,,,Otomatik,KIRMIZI,,Yurt Dışı Lojistik,960,,,,,,,https://www.truckmarket.com.tr/arac-detay/14716,22,train,21
14717,tr_truckmarket,truckmarket.com.tr,oem_dealer,TR,Turkey,FORD,F-MAX,2021,242780,,2500000,TRY,51444.56,İstanbul,,,,Çekici,,,,,,Otomatik,KIRMIZI,,Yurt Dışı Lojistik,960,,,,,,,https://www.truckmarket.com.tr/arac-detay/14717,22,train,21
14776,tr_truckmarket,truckmarket.com.tr,oem_dealer,TR,Turkey,FORD,F-MAX,2022,243932,,2750000,TRY,56589.02,İstanbul,,,,Çekici,,,,,,Otomatik,KIRMIZI,,Yurt Dışı Lojistik,1100,,,,,,,https://www.truckmarket.com.tr/arac-detay/14776,20,train,19
14784,tr_truckmarket,truckmarket.com.tr,oem_dealer,TR,Turkey,FORD,F-MAX,2021,164374,,2550000,TRY,52473.45,İstanbul,,,,Çekici,,,,,,Otomatik,KIRMIZI,,Yurt Dışı Lojistik,1100,,,,,,,https://www.truckmarket.com.tr/arac-detay/14784,22,train,21
14786,tr_truckmarket,truckmarket.com.tr,oem_dealer,TR,Turkey,FORD,F-MAX,2020,384206,,2300000,TRY,47329.0,İstanbul,,,,Çekici,,,,,,Otomatik,MAVİ,,Yurt İçi Lojistik,960,,,,,,,https://www.truckmarket.com.tr/arac-detay/14786,20,train,19
14787,tr_truckmarket,truckmarket.com.tr,oem_dealer,TR,Turkey,FORD,F-MAX,2020,305273,,2300000,TRY,47329.0,İstanbul,,,,Çekici,,,,,,Otomatik,MAVİ,,Yurt Dışı Lojistik,960,,,,,,,https://www.truckmarket.com.tr/arac-detay/14787,22,train,21
14790,tr_truckmarket,truckmarket.com.tr,oem_dealer,TR,Turkey,FORD,F-MAX,2022,270000,,2800000,TRY,57617.91,İstanbul,,,,Çekici,,,,,,Otomatik,BEYAZ,4x2,Yurt İçi Lojistik,1100,,,,,,,https://www.truckmarket.com.tr/arac-detay/14790,22,train,21
14932,tr_truckmarket,truckmarket.com.tr,oem_dealer,TR,Turkey,FORD,F-MAX,2022,413757,,2800000,TRY,57617.91,İstanbul,,,,Çekici,,,,,,Otomatik,BEYAZ,4x2,Yurt İçi Lojistik,1200,,,,,,,https://www.truckmarket.com.tr/arac-detay/14932,22,train,20
14933,tr_truckmarket,truckmarket.com.tr,oem_dealer,TR,Turkey,FORD,F-MAX,2022,406522,,2800000,TRY,57617.91,İstanbul,,,,Çekici,,,,,,Otomatik,BEYAZ,4x2,Yurt İçi Lojistik,1200,,,,,,,https://www.truckmarket.com.tr/arac-detay/14933,22,train,21
14934,tr_truckmarket,truckmarket.com.tr,oem_dealer,TR,Turkey,FORD,F-MAX,2022,394063,,2800000,TRY,57617.91,İstanbul,,,,Çekici,,,,,,Otomatik,BEYAZ,4x2,Yurt İçi Lojistik,1200,,,,,,,https://www.truckmarket.com.tr/arac-detay/14934,22,train,21
14962,tr_truckmarket,truckmarket.com.tr,oem_dealer,TR,Turkey,FORD,F-MAX,2022,202104,,2800000,TRY,57617.91,İstanbul,,,,Çekici,,,,,,Otomatik,BEYAZ,,Yurt İçi Lojistik,940,,,,,,,https://www.truckmarket.com.tr/arac-detay/14962,22,train,20
14965,tr_truckmarket,truckmarket.com.tr,oem_dealer,TR,Turkey,FORD,F-MAX,2022,204021,,2800000,TRY,57617.91,İstanbul,,,,Çekici,,,,,,Otomatik,BEYAZ,,Yurt İçi Lojistik,940,,,,,,,https://www.truckmarket.com.tr/arac-detay/14965,22,val,21
15250,tr_truckmarket,truckmarket.com.tr,oem_dealer,TR,Turkey,FORD,F-MAX,2020,305704,,2350000,TRY,48357.89,İstanbul,,,,Çekici,,,,,,Otomatik,YILDIRIM MAVİSİ,4x2,Yurt Dışı Lojistik,1100,,,,,,,https://www.truckmarket.com.tr/arac-detay/15250,22,test,20
15251,tr_truckmarket,truckmarket.com.tr,oem_dealer,TR,Turkey,FORD,F-MAX,2020,312528,,2350000,TRY,48357.89,İstanbul,,,,Çekici,,,,,,Otomatik,YILDIRIM MAVİSİ,4x2,Yurt Dışı Lojistik,1100,,,,,,,https://www.truckmarket.com.tr/arac-detay/15251,22,train,21
15339,tr_truckmarket,truckmarket.com.tr,oem_dealer,TR,Turkey,FORD,TRUCKS,2018,569400,,1600000,TRY,32924.52,İstanbul,,,,Çekici,,,,,,Otomatik,BEYAZ,,Yurt İçi Lojistik,960,,,,,,,https://www.truckmarket.com.tr/arac-detay/15339,22,test,22
15440,tr_truckmarket,truckmarket.com.tr,oem_dealer,TR,Turkey,FORD,F-MAX,2020,421850,,2100000,TRY,43213.43,İstanbul,,,,Çekici,,,,,,Otomatik,BEYAZ,4x2,Yurt İçi Lojistik,1100,,,,,,,https://www.truckmarket.com.tr/arac-detay/15440,22,val,21
15502,tr_truckmarket,truckmarket.com.tr,oem_dealer,TR,Turkey,MAN,TGA,2007,953254,,1350000,TRY,27780.06,Denizli,,,,Çekici,,,,,,Manuel (Aktarmalı),MAVİ,,Yurt İçi Lojistik,1200,,,,,,,https://www.truckmarket.com.tr/arac-detay/15502,20,test,20
15692,tr_truckmarket,truckmarket.com.tr,oem_dealer,TR,Turkey,FORD,F-MAX,2023,266904,,2975000,TRY,61219.03,İstanbul,,,,Çekici,,,,,,Otomatik,BEYAZ,,Yurt İçi Lojistik,1100,,,,,,,https://www.truckmarket.com.tr/arac-detay/15692,22,train,21
15775,tr_truckmarket,truckmarket.com.tr,oem_dealer,TR,Turkey,FORD,F-MAX,2024,74857,,3700000,TRY,76137.95,İstanbul,,,,Çekici,,,,,,Otomatik,BEYAZ,4x2,Yurt İçi Lojistik,1200,,,,,,,https://www.truckmarket.com.tr/arac-detay/15775,22,test,21
15776,tr_truckmarket,truckmarket.com.tr,oem_dealer,TR,Turkey,FORD,F-MAX,2024,45224,,3700000,TRY,76137.95,İstanbul,,,,Çekici,,,,,,Otomatik,BEYAZ,4x2,Yurt İçi Lojistik,1200,,,,,,,https://www.truckmarket.com.tr/arac-detay/15776,22,train,21
15778,tr_truckmarket,truckmarket.com.tr,oem_dealer,TR,Turkey,FORD,F-MAX,2024,75731,,3700000,TRY,76137.95,İstanbul,,,,Çekici,,,,,,Otomatik,BEYAZ,4x2,Yurt İçi Lojistik,1200,,,,,,,https://www.truckmarket.com.tr/arac-detay/15778,22,val,21
16042,tr_truckmarket,truckmarket.com.tr,oem_dealer,TR,Turkey,FORD,F-MAX,2020,247369,,2000000,TRY,41155.65,Hatay,,,,Çekici,,,,,,Otomatik,BEYAZ,4x2,Yurt İçi Lojistik,1100,,,,,,,https://www.truckmarket.com.tr/arac-detay/16042,24,train,22
231295,us_selectrucks,selectrucks.com,oem_dealer,US,United States,FREIGHTLINER,CASCADIA 126SLP,2020,925926,575344,99900,USD,99900.0,,,SelecTrucks of Greensboro,,,3AKJHHDR3LSLJ7839,Truck-Tractor,"Class 8: 33,001 lb and above (14,969 kg and above)",6x4,Detroit Diesel DD15,,,,,,400,DD15,Detroit Diesel,Raised Roof Condo,223,,https://www.selectrucks.com/truck/2020/FREIGHTLINER/231295/1242/1770811/,20,train,19
232615,us_selectrucks,selectrucks.com,oem_dealer,US,United States,FREIGHTLINER,CASCADIA 126SLP,2023,679521,422235,94900,USD,94900.0,,,SelecTrucks of Fontana,,,1FUJHHDR7PLUE0492,Truck-Tractor,"Class 8: 33,001 lb and above (14,969 kg and above)",6x4,DD15,,,,,,455,DD15,Detroit Diesel,,229,,https://www.selectrucks.com/truck/2023/FREIGHTLINER/232615/1265/1934541/,20,train,19
246794,us_selectrucks,selectrucks.com,oem_dealer,US,United States,FREIGHTLINER,CASCADIA 126SLP,2020,911209,566199,99900,USD,99900.0,,,SelecTrucks of Nashville,,,3AKJHHDR6LSLJ7477,Truck-Tractor,"Class 8: 33,001 lb and above (14,969 kg and above)",6x4,Detroit Diesel DD15,,,,,,505,DD15,Detroit Diesel,Raised Roof Condo,223,,https://www.selectrucks.com/truck/2020/FREIGHTLINER/246794/1513/2026764/,20,val,18
251838,us_selectrucks,selectrucks.com,oem_dealer,US,United States,FREIGHTLINER,PT126SLP,2026,137844,85652,169900,USD,169900.0,,,SelecTrucks of Portland,,,3AKJHHDR5TSWR2969,Truck-Tractor,"Class 8: 33,001 lb and above (14,969 kg and above)",6x4,DD15 TCO,,,,,,475,DD15,Detroit,Raised Roof Condo,233,,https://www.selectrucks.com/truck/2026/FREIGHTLINER/251838/1491/RWR2969/,20,test,18
252354,us_selectrucks,selectrucks.com,oem_dealer,US,United States,FREIGHTLINER,CASCADIA 126,2022,620845,385775,82900,USD,82900.0,,,SelecTrucks of Atlanta,,,3AKJHHDR4NSNA1878,Truck-Tractor,"Class 8: 33,001 lb and above (14,969 kg and above)",6x4,Detroit Diesel DD15,,,,,,455,DD15,Detroit,Raised Roof Sleeper,227,,https://www.selectrucks.com/truck/2022/FREIGHTLINER/252354/1241/359515/,20,train,20
252690,us_selectrucks,selectrucks.com,oem_dealer,US,United States,FREIGHTLINER,CASCADIA 126,2022,634770,394428,80000,USD,80000.0,,,SelecTrucks of Midlantic,,,3AKJHHDR7NSNG9463,Truck-Tractor,"Class 8: 33,001 lb and above (14,969 kg and above)",6x4,Detroit Diesel DD15,,,,,,455,DD15,Detroit,Mid Roof Sleeper,229,,https://www.selectrucks.com/truck/2022/FREIGHTLINER/252690/1449/210768/,19,test,18
253428,us_selectrucks,selectrucks.com,oem_dealer,US,United States,FREIGHTLINER,PT126SLP,2022,798087,495908,83900,USD,83900.0,,,SelecTrucks of Oklahoma City,,,3AKJHHDR6NSNC5843,Truck-Tractor,"Class 8: 33,001 lb and above (14,969 kg and above)",6x4,Detroit Diesel DD15,,,,,,505,DD15,Detroit,Raised Roof Condo,229,,https://www.selectrucks.com/truck/2022/FREIGHTLINER/253428/1243/RNC5843/,20,train,20
253646,us_selectrucks,selectrucks.com,oem_dealer,US,United States,INTERNATIONAL,LT625,2022,579945,360361,59900,USD,59900.0,,,SelecTrucks of Kansas City,,,3HSDZAPR6NN433832,Truck-Tractor,"Class 8: 33,001 lb and above (14,969 kg and above)",6x4,"X15, Signature",,,,,,450,ISX 15L,Cummins,Raised Roof Condo,224,,https://www.selectrucks.com/truck/2022/INTERNATIONAL/253646/1259/S433832/,20,train,20
254052,us_selectrucks,selectrucks.com,oem_dealer,US,United States,PETERBILT,579,2022,601013,373452,77900,USD,77900.0,,,SelecTrucks of Michigan,,,1XPBD49X0ND780276,Truck-Tractor,"Class 8: 33,001 lb and above (14,969 kg and above)",6x4,ISX,,,,,,450,X15,Cummins,Raised Roof Sleeper,235,,https://www.selectrucks.com/truck/2022/PETERBILT/254052/1256/3250004/,20,train,20
254490,us_selectrucks,selectrucks.com,oem_dealer,US,United States,FREIGHTLINER,PT126SLP,2024,482983,300112,124900,USD,124900.0,,,SelecTrucks of Oklahoma City,,,3AKJHHDR9RSUW6152,Truck-Tractor,"Class 8: 33,001 lb and above (14,969 kg and above)",6x4,DD15,,,,,,505,DD15,Detroit,Mid Roof Sleeper,210,,https://www.selectrucks.com/truck/2024/FREIGHTLINER/254490/1243/RUW6152/,20,train,20
254827,us_selectrucks,selectrucks.com,oem_dealer,US,United States,FREIGHTLINER,122SD,2021,264826,164555,89900,USD,89900.0,,,SelecTrucks of Fort Worth,,,3AKJGNDVXMDMX5812,Truck-Tractor,"Class 8: 33,001 lb and above (14,969 kg and above)",6x4,Detroit DD13,,,,,,410,DD13,Detroit,Daycab,196,,https://www.selectrucks.com/truck/2021/FREIGHTLINER/254827/1394/SMX5812/,20,train,20
254828,us_selectrucks,selectrucks.com,oem_dealer,US,United States,FREIGHTLINER,122SD,2021,223628,138956,94900,USD,94900.0,,,SelecTrucks of Fort Worth,,,3AKJGNDV5MDMX5815,Truck-Tractor,"Class 8: 33,001 lb and above (14,969 kg and above)",6x4,Detroit DD13,,,,,,410,DD13,Detroit,Daycab,196,,https://www.selectrucks.com/truck/2021/FREIGHTLINER/254828/1394/SMX5815/,20,train,20
255032,us_selectrucks,selectrucks.com,oem_dealer,US,United States,FREIGHTLINER,CASCADIA 126,2022,918102,570482,66900,USD,66900.0,,,SelecTrucks of Atlanta,,,3AKJHHDRXNSNA1903,Truck-Tractor,"Class 8: 33,001 lb and above (14,969 kg and above)",6x4,Detroit Diesel DD15,,,,,,455,DD15,Detroit,Raised Roof Sleeper,227,,https://www.selectrucks.com/truck/2022/FREIGHTLINER/255032/1241/361588/,20,train,19
255073,us_selectrucks,selectrucks.com,oem_dealer,US,United States,FREIGHTLINER,PT126SLP,2023,648178,402759,92900,USD,92900.0,,,SelecTrucks of Oklahoma City,,,3AKJHHDR0PSNV1104,Truck-Tractor,"Class 8: 33,001 lb and above (14,969 kg and above)",6x4,DD15,,,,,,505,DD15,Detroit,Raised Roof Condo,229,,https://www.selectrucks.com/truck/2023/FREIGHTLINER/255073/1243/RNV1104/,20,val,20
255151,us_selectrucks,selectrucks.com,oem_dealer,US,United States,FREIGHTLINER,PE116SLP,2022,799290,496656,59900,USD,59900.0,,,SelecTrucks of Dallas (South),,,3AKJHPDV3NSLH0806,Truck-Tractor,"Class 8: 33,001 lb and above (14,969 kg and above)",6x4,Detroit DD13,,,,,,450,DD13,Detroit,Mid Roof Sleeper,174,,https://www.selectrucks.com/truck/2022/FREIGHTLINER/255151/1450/SLH0806/,20,train,18
255269,us_selectrucks,selectrucks.com,oem_dealer,US,United States,FREIGHTLINER,CASCADIA 126,2021,1009413,627220,49900,USD,49900.0,,,SelecTrucks of Omaha,,,1FUJHHDR9MLML6279,Truck-Tractor,"Class 8: 33,001 lb and above (14,969 kg and above)",6x4,Detroit Diesel DD15,,,,,,455,DD15,Detroit,,247,,https://www.selectrucks.com/truck/2021/FREIGHTLINER/255269/1248/PGE1058/,20,train,19
255385,us_selectrucks,selectrucks.com,oem_dealer,US,United States,KENWORTH,T680,2019,678855,421821,59900,USD,59900.0,,,SelecTrucks of Portland,,,1XKYD49X1KJ376965,Truck-Tractor,"Class 8: 33,001 lb and above (14,969 kg and above)",6x4,ISX / X15,,,,,,,X15,Cummins,Mid Roof Sleeper,240,,https://www.selectrucks.com/truck/2019/KENWORTH/255385/1491/R376965/,20,test,20
255499,us_selectrucks,selectrucks.com,oem_dealer,US,United States,FREIGHTLINER,PT126SLP,2023,573216,356180,96900,USD,96900.0,,,SelecTrucks of Fort Worth,,,3AKJHHDR8PSUC4905,Truck-Tractor,"Class 8: 33,001 lb and above (14,969 kg and above)",6x4,DD15,,,,,,455,DD15,Detroit,Raised Roof Condo,227,,https://www.selectrucks.com/truck/2023/FREIGHTLINER/255499/1394/SUC4905/,20,test,20
255592,us_selectrucks,selectrucks.com,oem_dealer,US,United States,FREIGHTLINER,PT126SLP,2023,840979,522560,76900,USD,76900.0,,,SelecTrucks of Oklahoma City,,,3AKJHHDR2PSUC5287,Truck-Tractor,"Class 8: 33,001 lb and above (14,969 kg and above)",6x4,DD15,,,,,,455,DD15,Detroit,Raised Roof Condo,227,,https://www.selectrucks.com/truck/2023/FREIGHTLINER/255592/1243/DUC5287/,20,train,20
255597,us_selectrucks,selectrucks.com,oem_dealer,US,United States,FREIGHTLINER,PT126SLP,2021,718102,446208,79900,USD,79900.0,,,SelecTrucks of Dallas (South),,,3AKJHHDRXMSMH4488,Truck-Tractor,"Class 8: 33,001 lb and above (14,969 kg and above)",6x4,Detroit Diesel DD15,,,,,,455,DD15,Detroit,Raised Roof Condo,223,,https://www.selectrucks.com/truck/2021/FREIGHTLINER/255597/1450/SMH4488/,20,train,19
255599,us_selectrucks,selectrucks.com,oem_dealer,US,United States,FREIGHTLINER,PT126SLP,2022,732963,455442,81900,USD,81900.0,,,SelecTrucks of Dallas (South),,,3AKJHHDR1NSMH5143,Truck-Tractor,"Class 8: 33,001 lb and above (14,969 kg and above)",6x4,Detroit Diesel DD15,,,,,,400,DD15,Detroit,Raised Roof Condo,223,,https://www.selectrucks.com/truck/2022/FREIGHTLINER/255599/1450/SMH5143/,20,train,19
255717,us_selectrucks,selectrucks.com,oem_dealer,US,United States,FREIGHTLINER,PT126SLP,2024,533853,331721,124900,USD,124900.0,,,SelecTrucks of Fort Worth,,,3AKJHHDR0RSUW6069,Truck-Tractor,"Class 8: 33,001 lb and above (14,969 kg and above)",6x4,DD15,,,,,,505,DD15,Detroit,Raised Roof Condo,229,,https://www.selectrucks.com/truck/2024/FREIGHTLINER/255717/1394/RUW6069/,20,train,20
255721,us_selectrucks,selectrucks.com,oem_dealer,US,United States,FREIGHTLINER,PT126SLP,2024,357213,221962,144900,USD,144900.0,,,SelecTrucks of Fort Worth,,,3AKJHHDR6RSVL9218,Truck-Tractor,"Class 8: 33,001 lb and above (14,969 kg and above)",6x4,DD15,,,,,,505,DD15,Detroit,Raised Roof Condo,229,,https://www.selectrucks.com/truck/2024/FREIGHTLINER/255721/1394/RVL9218/,20,train,20
255739,us_selectrucks,selectrucks.com,oem_dealer,US,United States,FREIGHTLINER,PE116SLP,2021,813990,505790,54900,USD,54900.0,,,SelecTrucks of Dallas (South),,,3AKJHPDV1MSMG1992,Truck-Tractor,"Class 8: 33,001 lb and above (14,969 kg and above)",6x4,Detroit DD13,,,,,,450,DD13,Detroit,Mid Roof Sleeper,216,,https://www.selectrucks.com/truck/2021/FREIGHTLINER/255739/1450/SMG1992/,20,val,18
255839,us_selectrucks,selectrucks.com,oem_dealer,US,United States,MACK,CHU613,2016,1112861,691500,40000,USD,40000.0,,,SelecTrucks of Texarkana,,,1M1AN09YXGM021357,Truck-Tractor,"Class 8: 33,001 lb and above (14,969 kg and above)",,,,,,,,,,,Daycab,210,,https://www.selectrucks.com/truck/2016/MACK/255839/1502/GM021357/,20,train,20
256192,us_selectrucks,selectrucks.com,oem_dealer,US,United States,FREIGHTLINER,122SD,2019,883770,549149,62900,USD,62900.0,,,SelecTrucks of Georgia,,,3AKJGNDR3KDKE7744,Truck-Tractor,"Class 8: 33,001 lb and above (14,969 kg and above)",6x4,Detroit Diesel DD15,,,,,,505,DD15,Detroit,,200,,https://www.selectrucks.com/truck/2019/FREIGHTLINER/256192/1393/360641/,20,test,20
256194,us_selectrucks,selectrucks.com,oem_dealer,US,United States,FREIGHTLINER,CASCADIA 126,2022,800386,497337,74900,USD,74900.0,,,SelecTrucks of Georgia,,,3AKJHHDR5NSMS4099,Truck-Tractor,"Class 8: 33,001 lb and above (14,969 kg and above)",6x4,Detroit Diesel DD15,,,,,,455,DD15,Detroit,Raised Roof Sleeper,223,,https://www.selectrucks.com/truck/2022/FREIGHTLINER/256194/1393/257002/,20,train,20
256205,us_selectrucks,selectrucks.com,oem_dealer,US,United States,FREIGHTLINER,CASCADIA 126,2022,702823,436714,79900,USD,79900.0,,,SelecTrucks of Georgia,,,3AKJHHDR8NSMY6788,Truck-Tractor,"Class 8: 33,001 lb and above (14,969 kg and above)",6x4,Detroit Diesel DD15,,,,,,455,DD15,Detroit,Raised Roof Sleeper,227,,https://www.selectrucks.com/truck/2022/FREIGHTLINER/256205/1393/362116/,20,train,20
256210,us_selectrucks,selectrucks.com,oem_dealer,US,United States,FREIGHTLINER,CASCADIA 126,2024,804735,500039,79900,USD,79900.0,,,SelecTrucks of Georgia,,,3AKJHHDRXRSUY6278,Truck-Tractor,"Class 8: 33,001 lb and above (14,969 kg and above)",6x4,DD15,,,,,,455,DD15,Detroit,Raised Roof Sleeper,227,,https://www.selectrucks.com/truck/2024/FREIGHTLINER/256210/1393/362167/,20,train,20
256221,us_selectrucks,selectrucks.com,oem_dealer,US,United States,FREIGHTLINER,CASCADIA 126,2021,633483,393628,73900,USD,73900.0,,,SelecTrucks of Alabama,,,1FUJHHDV9MLMF4306,Truck-Tractor,"Class 8: 33,001 lb and above (14,969 kg and above)",6x4,Detroit DD13,,,,,,470,DD13,Detroit,Mid Roof Sleeper,237,,https://www.selectrucks.com/truck/2021/FREIGHTLINER/256221/1448/361835/,20,train,19
256233,us_selectrucks,selectrucks.com,oem_dealer,US,United States,FREIGHTLINER,CASCADIA 126,2021,753603,468267,75900,USD,75900.0,,,SelecTrucks of Atlanta,,,3AKJHHDR8MSMJ6965,Truck-Tractor,"Class 8: 33,001 lb and above (14,969 kg and above)",6x4,Detroit Diesel DD15,,,,,,475,DD15,Detroit,Raised Roof Sleeper,227,,https://www.selectrucks.com/truck/2021/FREIGHTLINER/256233/1241/362410/,20,train,18
256243,us_selectrucks,selectrucks.com,oem_dealer,US,United States,FREIGHTLINER,PT126DC,2021,520040,323138,54900,USD,54900.0,,,SelecTrucks of Chattanooga,,,3AKJHLDV2MSMG0603,Truck-Tractor,"Class 8: 33,001 lb and above (14,969 kg and above)",6x4,Detroit DD13,,,,,,450,DD13,Detroit,,174,,https://www.selectrucks.com/truck/2021/FREIGHTLINER/256243/1496/SMG0603/,20,train,20
256409,us_selectrucks,selectrucks.com,oem_dealer,US,United States,FREIGHTLINER,CASCADIA 126,2022,599851,372730,64900,USD,64900.0,,,SelecTrucks of Omaha,,,3AKJHHFG9NSNE1708,Truck-Tractor,"Class 8: 33,001 lb and above (14,969 kg and above)",6x4,Cummins X15,,,,,,450,X15,Cummins,,235,,https://www.selectrucks.com/truck/2022/FREIGHTLINER/256409/1248/TCJ710/,19,val,18
256415,us_selectrucks,selectrucks.com,oem_dealer,US,United States,KENWORTH,W990,2024,402735,250248,124900,USD,124900.0,,,SelecTrucks of Omaha,,,1XK1D49X7RJ346266,Truck-Tractor,"Class 8: 33,001 lb and above (14,969 kg and above)",6x4,ISX / X15,,,,,,565,X15,Cummins,,215,,https://www.selectrucks.com/truck/2024/KENWORTH/256415/1248/TGM016/,20,train,19
256436,us_selectrucks,selectrucks.com,oem_dealer,US,United States,WESTERN STAR,STAR 5700XE,2022,680714,422976,79500,USD,79500.0,,,SelecTrucks of Memphis,,,5KJJBHDR6NLNL1928,Truck-Tractor,"Class 8: 33,001 lb and above (14,969 kg and above)",6x4,Diesel DD15,,,,,,505,DD15,Detroit,Raised Roof Sleeper,240,,https://www.selectrucks.com/truck/2022/WESTERN STAR/256436/1494/NLNL1928/,20,train,19
256460,us_selectrucks,selectrucks.com,oem_dealer,US,United States,FREIGHTLINER,PT126SLP,2022,1082780,672808,54900,USD,54900.0,,,SelecTrucks of Oklahoma City,,,1FUJHHDR7NLMJ4492,Truck-Tractor,"Class 8: 33,001 lb and above (14,969 kg and above)",6x4,Detroit Diesel DD15,,,,,,455,DD15,Detroit,Raised Roof Condo,229,,https://www.selectrucks.com/truck/2022/FREIGHTLINER/256460/1243/SMJ4492/,20,val,20
256474,us_selectrucks,selectrucks.com,oem_dealer,US,United States,FREIGHTLINER,PT126SLP,2023,1000726,621822,57000,USD,57000.0,,,SelecTrucks of Dallas (South),,,3AKJHHDR6PSNH9386,Truck-Tractor,"Class 8: 33,001 lb and above (14,969 kg and above)",6x4,DD15,,,,,,455,DD15,Detroit,Raised Roof Condo,235,,https://www.selectrucks.com/truck/2023/FREIGHTLINER/256474/1450/DNH9386/,20,train,19
256546,us_selectrucks,selectrucks.com,oem_dealer,US,United States,FREIGHTLINER,PT126SLP,2024,729152,453074,104900,USD,104900.0,,,SelecTrucks of Oklahoma City,,,3AKJHHDR7RSUW6005,Truck-Tractor,"Class 8: 33,001 lb and above (14,969 kg and above)",6x4,DD15,,,,,,505,DD15,Detroit,Raised Roof Condo,229,,https://www.selectrucks.com/truck/2024/FREIGHTLINER/256546/1243/SUW6005/,20,train,20
256553,us_selectrucks,selectrucks.com,oem_dealer,US,United States,KENWORTH,T680,2023,834279,518397,71900,USD,71900.0,,,SelecTrucks of Dallas (South),,,1XKYD49XXPJ219331,Truck-Tractor,"Class 8: 33,001 lb and above (14,969 kg and above)",6x4,ISX / X15,,,,,,450,X15,Cummins,Raised Roof Condo,233,,https://www.selectrucks.com/truck/2023/KENWORTH/256553/1450/S219331/,20,train,18
256579,us_selectrucks,selectrucks.com,oem_dealer,US,United States,FREIGHTLINER,PT126SLP,2023,779117,484121,87900,USD,87900.0,,,SelecTrucks of Oklahoma City,,,3AKJHHDR8PSNV1125,Truck-Tractor,"Class 8: 33,001 lb and above (14,969 kg and above)",6x4,DD15,,,,,,505,DD15,Detroit,Raised Roof Condo,229,,https://www.selectrucks.com/truck/2023/FREIGHTLINER/256579/1243/SNV1125/,20,train,20
256665,us_selectrucks,selectrucks.com,oem_dealer,US,United States,FREIGHTLINER,PT126SLP,2023,568850,353467,96900,USD,96900.0,,,SelecTrucks of Fort Worth,,,3AKJHHDR9PSUC4900,Truck-Tractor,"Class 8: 33,001 lb and above (14,969 kg and above)",6x4,DD15,,,,,,455,DD15,Detroit,Raised Roof Condo,227,,https://www.selectrucks.com/truck/2023/FREIGHTLINER/256665/1394/DUC4900/,20,train,20
256669,us_selectrucks,selectrucks.com,oem_dealer,US,United States,FREIGHTLINER,PT126SLP,2023,795541,494326,75900,USD,75900.0,,,SelecTrucks of Dallas (North),,,3AKJHHFG9PSNZ2150,Truck-Tractor,"Class 8: 33,001 lb and above (14,969 kg and above)",6x4,X15,,,,,,450,X15,Cummins,Raised Roof Condo,235,,https://www.selectrucks.com/truck/2023/FREIGHTLINER/256669/1244/CNZ2150/,18,test,18
256673,us_selectrucks,selectrucks.com,oem_dealer,US,United States,FREIGHTLINER,PE116DC,2023,424868,264001,63900,USD,63900.0,,,SelecTrucks of Dallas (South),,,3AKJHTDV6PSNK5896,Truck-Tractor,"Class 8: 33,001 lb and above (14,969 kg and above)",6x4,DD13,,,,,,450,DD13,Detroit,Daycab,186,,https://www.selectrucks.com/truck/2023/FREIGHTLINER/256673/1450/SNK5896/,20,train,20
256742,us_selectrucks,selectrucks.com,oem_dealer,US,United States,FREIGHTLINER,122SD,2021,849092,527601,49500,USD,49500.0,,,SelecTrucks of Texarkana,,,3AKJGNDV3MDML0369,Truck-Tractor,"Class 8: 33,001 lb and above (14,969 kg and above)",6x4,Detroit DD13,,,,,,470,,,Daycab,220,,https://www.selectrucks.com/truck/2021/FREIGHTLINER/256742/1502/MDML0369/,20,test,20
256744,us_selectrucks,selectrucks.com,oem_dealer,US,United States,FREIGHTLINER,PT126SLP,2023,627260,389761,96900,USD,96900.0,,,SelecTrucks of Chattanooga,,,3AKJHHDRXPSUC5232,Truck-Tractor,"Class 8: 33,001 lb and above (14,969 kg and above)",6x4,DD15,,,,,,455,DD15,Detroit,Raised Roof Condo,227,,https://www.selectrucks.com/truck/2023/FREIGHTLINER/256744/1496/DUC5232/,20,train,20
256755,us_selectrucks,selectrucks.com,oem_dealer,US,United States,FREIGHTLINER,PT126SLP,2024,675118,419499,109900,USD,109900.0,,,SelecTrucks of Oklahoma City,,,3AKJHHDR4RSUW6012,Truck-Tractor,"Class 8: 33,001 lb and above (14,969 kg and above)",6x4,DD15,,,,,,505,DD15,Detroit,Raised Roof Condo,229,,https://www.selectrucks.com/truck/2024/FREIGHTLINER/256755/1243/SUW6012/,20,train,20
256762,us_selectrucks,selectrucks.com,oem_dealer,US,United States,FREIGHTLINER,PT126SLP,2022,725563,450844,79900,USD,79900.0,,,SelecTrucks of Chattanooga,,,3AKJHHDR2NSMH4647,Truck-Tractor,"Class 8: 33,001 lb and above (14,969 kg and above)",6x4,Detroit Diesel DD15,,,,,,400,DD15,Detroit,Raised Roof Condo,223,,https://www.selectrucks.com/truck/2022/FREIGHTLINER/256762/1496/SMH4647/,20,val,20
256766,us_selectrucks,selectrucks.com,oem_dealer,US,United States,FREIGHTLINER,PT126SLP,2024,630211,391595,102900,USD,102900.0,,,SelecTrucks of Chattanooga,,,1FUJHHDR7RLUS7068,Truck-Tractor,"Class 8: 33,001 lb and above (14,969 kg and above)",6x4,DD15,,,,,,455,DD15,Detroit,Raised Roof Condo,221,,https://www.selectrucks.com/truck/2024/FREIGHTLINER/256766/1496/SUS7068/,20,test,20
256943,us_selectrucks,selectrucks.com,oem_dealer,US,United States,FREIGHTLINER,122SD,2019,954018,592799,59500,USD,59500.0,,,SelecTrucks of Texarkana,,,3AKJGNDR0KDKK5799,Truck-Tractor,"Class 8: 33,001 lb and above (14,969 kg and above)",6x4,Detroit Diesel DD15,,,,,,505,,,Daycab,220,,https://www.selectrucks.com/truck/2019/FREIGHTLINER/256943/1502/KDKK5799/,20,test,20
256948,us_selectrucks,selectrucks.com,oem_dealer,US,United States,FREIGHTLINER,PT126SLP,2022,735539,457043,83900,USD,83900.0,,,SelecTrucks of Oklahoma City,,,3AKJHHDR8NSNK6187,Truck-Tractor,"Class 8: 33,001 lb and above (14,969 kg and above)",6x4,Detroit Diesel DD15,,,,,,505,DD15,Detroit,Raised Roof Condo,229,,https://www.selectrucks.com/truck/2022/FREIGHTLINER/256948/1243/SNK6187/,20,test,20
256980,us_selectrucks,selectrucks.com,oem_dealer,US,United States,FREIGHTLINER,PT126SLP,2024,441969,274627,115000,USD,115000.0,,,SelecTrucks of Kansas City,,,3AKJHHDR9RSUT0901,Truck-Tractor,"Class 8: 33,001 lb and above (14,969 kg and above)",6x4,DD15,,,,,,425,DD15,Detroit,Raised Roof Condo,231,,https://www.selectrucks.com/truck/2024/FREIGHTLINER/256980/1259/DUT0901/,20,train,20
256991,us_selectrucks,selectrucks.com,oem_dealer,US,United States,KENWORTH,T680,2023,641005,398302,86900,USD,86900.0,,,SelecTrucks of Kansas City,,,1XKYD49X8PJ219506,Truck-Tractor,"Class 8: 33,001 lb and above (14,969 kg and above)",6x4,ISX / X15,,,,,,,X15,Cummins,Raised Roof Condo,233,,https://www.selectrucks.com/truck/2023/KENWORTH/256991/1259/S219506/,20,train,19
257082,us_selectrucks,selectrucks.com,oem_dealer,US,United States,FREIGHTLINER,CASCADIA 126,2021,759770,472099,69500,USD,69500.0,,,SelecTrucks of Memphis,,,3AKJHHDR4MSMV2040,Truck-Tractor,"Class 8: 33,001 lb and above (14,969 kg and above)",6x4,Detroit Diesel DD15,,,,,,475,DD15,Detroit,Mid Roof Sleeper,235,,https://www.selectrucks.com/truck/2021/FREIGHTLINER/257082/1494/MSMV2040/,20,val,19
257110,us_selectrucks,selectrucks.com,oem_dealer,US,United States,FREIGHTLINER,CASCADIA 126,2022,823532,511719,78500,USD,78500.0,,,SelecTrucks of Memphis,,,3AKJHHDR8NSNC5763,Truck-Tractor,"Class 8: 33,001 lb and above (14,969 kg and above)",6x4,Detroit Diesel DD15,,,,,,505,DD15,Detroit,Raised Roof Sleeper,0,,https://www.selectrucks.com/truck/2022/FREIGHTLINER/257110/1494/NSNC5763/,20,train,19
257114,us_selectrucks,selectrucks.com,oem_dealer,US,United States,FREIGHTLINER,CA116 CASCADIA,2022,687158,426980,52500,USD,52500.0,,,SelecTrucks of Texarkana,,,1FUJHTDV9NLMT1200,Truck-Tractor,"Class 8: 33,001 lb and above (14,969 kg and above)",6x4,Detroit DD13,,,,,,410,,,Daycab,200,,https://www.selectrucks.com/truck/2022/FREIGHTLINER/257114/1502/NLMT1200/,20,test,20
257198,us_selectrucks,selectrucks.com,oem_dealer,US,United States,FREIGHTLINER,122SD,2014,934578,580720,29995,USD,29995.0,,,SelecTrucks of Memphis,,,3AKJGNDV4EDFZ5724,Truck-Tractor,"Class 8: 33,001 lb and above (14,969 kg and above)",6x4,Detroit DD13,,,,,,450,DD13,Detroit,,185,,https://www.selectrucks.com/truck/2014/FREIGHTLINER/257198/1494/EDFZ5724/,20,train,19
257225,us_selectrucks,selectrucks.com,oem_dealer,US,United States,WESTERN STAR,STAR 49X,2024,438825,272673,124900,USD,124900.0,,,SelecTrucks of Columbus,,,5KJJBWDR6RLVB9476,Truck-Tractor,"Class 8: 33,001 lb and above (14,969 kg and above)",6x4,Diesel DD15,,,,,,455,DD15,Detroit,Raised Roof Sleeper,244,,https://www.selectrucks.com/truck/2024/WESTERN STAR/257225/1508/423211/,20,test,20
257245,us_selectrucks,selectrucks.com,oem_dealer,US,United States,FREIGHTLINER,PT126SLP,2025,724396,450119,92900,USD,92900.0,,,SelecTrucks of Chattanooga,,,3AKJHHDR6SSVT1688,Truck-Tractor,"Class 8: 33,001 lb and above (14,969 kg and above)",6x4,DD15 TCO,,,,,,455,DD15,Detroit,Raised Roof Condo,227,,https://www.selectrucks.com/truck/2025/FREIGHTLINER/257245/1496/SVT1688/,20,test,20
257315,us_selectrucks,selectrucks.com,oem_dealer,US,United States,FREIGHTLINER,PT126SLP,2024,685614,426021,87900,USD,87900.0,,,SelecTrucks of Chattanooga,,,3AKJHHDR3RSUT6810,Truck-Tractor,"Class 8: 33,001 lb and above (14,969 kg and above)",6x4,DD15,,,,,,455,DD15,Detroit,Raised Roof Condo,227,,https://www.selectrucks.com/truck/2024/FREIGHTLINER/257315/1496/SUT6810/,20,train,20
257321,us_selectrucks,selectrucks.com,oem_dealer,US,United States,FREIGHTLINER,PT126SLP,2024,697289,433275,87900,USD,87900.0,,,SelecTrucks of Chattanooga,,,3AKJHHDR7RSUY6383,Truck-Tractor,"Class 8: 33,001 lb and above (14,969 kg and above)",6x4,DD15,,,,,,455,DD15,Detroit,Raised Roof Condo,227,,https://www.selectrucks.com/truck/2024/FREIGHTLINER/257321/1496/SUY6383/,20,test,20
257322,us_selectrucks,selectrucks.com,oem_dealer,US,United States,FREIGHTLINER,PT126SLP,2024,428929,266524,139900,USD,139900.0,,,SelecTrucks of Oklahoma City,,,3AKJHHDR9RSUW6118,Truck-Tractor,"Class 8: 33,001 lb and above (14,969 kg and above)",6x4,DD15,,,,,,505,DD15,Detroit,Raised Roof Condo,229,,https://www.selectrucks.com/truck/2024/FREIGHTLINER/257322/1243/RUW6118/,20,train,20
257323,us_selectrucks,selectrucks.com,oem_dealer,US,United States,FREIGHTLINER,PT126SLP,2023,622945,387080,96900,USD,96900.0,,,SelecTrucks of Chattanooga,,,3AKJHHDR3PSUC4925,Truck-Tractor,"Class 8: 33,001 lb and above (14,969 kg and above)",6x4,DD15,,,,,,455,DD15,Detroit,Raised Roof Condo,227,,https://www.selectrucks.com/truck/2023/FREIGHTLINER/257323/1496/DUC4925/,20,train,20
257357,us_selectrucks,selectrucks.com,oem_dealer,US,United States,FREIGHTLINER,CASCADIA 126,2022,964192,599121,72900,USD,72900.0,,,SelecTrucks of Georgia,,,1FUJHHDRXNLNB3710,Truck-Tractor,"Class 8: 33,001 lb and above (14,969 kg and above)",6x4,Detroit Diesel DD15,,,,,,455,DD15,Detroit,Raised Roof Sleeper,225,,https://www.selectrucks.com/truck/2022/FREIGHTLINER/257357/1393/362892/,20,train,20
257359,us_selectrucks,selectrucks.com,oem_dealer,US,United States,WESTERN STAR,STAR 4900EX,2022,755616,469518,79900,USD,79900.0,,,SelecTrucks of Omaha,,,5KJJABD13NPNG9597,Truck-Tractor,"Class 8: 33,001 lb and above (14,969 kg and above)",6x4,Diesel DD16,,,,,,600,DD16,Detroit,,0,,https://www.selectrucks.com/truck/2022/WESTERN STAR/257359/1248/PG2931/,20,train,19
257384,us_selectrucks,selectrucks.com,oem_dealer,US,United States,WESTERN STAR,STAR 49X,2024,323478,201000,124500,USD,124500.0,,,SelecTrucks of Texarkana,,,5KJJBWDR4RLVC0027,Truck-Tractor,"Class 8: 33,001 lb and above (14,969 kg and above)",6x4,Diesel DD15,,,,,,505,,15 Speed,Mid Roof Sleeper,250,,https://www.selectrucks.com/truck/2024/WESTERN STAR/257384/1502/RLVC0027/,20,test,20
257388,us_selectrucks,selectrucks.com,oem_dealer,US,United States,FREIGHTLINER,CA116 CASCADIA,2022,630837,391984,62500,USD,62500.0,,,SelecTrucks of Texarkana,,,3AKJHPDVXNSMT3940,Truck-Tractor,"Class 8: 33,001 lb and above (14,969 kg and above)",6x4,Detroit DD13,,,,,,450,,,Mid Roof Sleeper,200,,https://www.selectrucks.com/truck/2022/FREIGHTLINER/257388/1502/NSMT3940/,20,test,20
257395,us_selectrucks,selectrucks.com,oem_dealer,US,United States,FREIGHTLINER,CA125SLP,2011,1499963,932034,12900,USD,12900.0,,,SelecTrucks of Portland,,,1FUJGLDR4BLBD0690,Truck-Tractor,"Class 8: 33,001 lb and above (14,969 kg and above)",6x4,Detroit Diesel DD15,,,,,,455,DD15,Detroit,Raised Roof Condo,230,,https://www.selectrucks.com/truck/2011/FREIGHTLINER/257395/1491/SBD0690/,20,train,20
257453,us_selectrucks,selectrucks.com,oem_dealer,US,United States,FREIGHTLINER,CASCADIA 126,2021,952732,592000,49900,USD,49900.0,,,SelecTrucks of Omaha,,,1FUJHHDV8MLMF1624,Truck-Tractor,"Class 8: 33,001 lb and above (14,969 kg and above)",6x4,Detroit DD13,,,,,,450,DD13,Detroit,,227,,https://www.selectrucks.com/truck/2021/FREIGHTLINER/257453/1248/TC2043/,20,train,20
257468,us_selectrucks,selectrucks.com,oem_dealer,US,United States,FREIGHTLINER,PT126SLP,2023,701674,436000,89900,USD,89900.0,,,SelecTrucks of Kansas City,,,3AKJHHDRXPSUM8224,Truck-Tractor,"Class 8: 33,001 lb and above (14,969 kg and above)",6x4,DD15,,,,,,485,DD15,Detroit,Raised Roof Condo,227,,https://www.selectrucks.com/truck/2023/FREIGHTLINER/257468/1259/SUM8224/,20,train,19
257477,us_selectrucks,selectrucks.com,oem_dealer,US,United States,INTERNATIONAL,LT625,2022,846515,526000,45950,USD,45950.0,,,SelecTrucks of Kansas City,,,3HSDZAPR9NN584129,Truck-Tractor,"Class 8: 33,001 lb and above (14,969 kg and above)",6x4,"X15, Signature",,,,,,455,ISX 15L,Cummins,Raised Roof Condo,228,,https://www.selectrucks.com/truck/2022/INTERNATIONAL/257477/1259/S584129/,20,train,19
257478,us_selectrucks,selectrucks.com,oem_dealer,US,United States,KENWORTH,T680,2023,667778,414938,81900,USD,81900.0,,,SelecTrucks of Oklahoma City,,,1XKYD49X3PJ219462,Truck-Tractor,"Class 8: 33,001 lb and above (14,969 kg and above)",6x4,ISX / X15,,,,,,,X15,Cummins,Raised Roof Condo,233,,https://www.selectrucks.com/truck/2023/KENWORTH/257478/1243/S219462/,20,train,20
